{"cameraMode":{"drawMode":0,"name":"Shaded","section":"Shading Mode"},"sceneLighting":false,"audioPlay":false,"sceneViewState":{"m_AlwaysRefresh":false,"showFog":true,"showSkybox":true,"showFlares":true,"showImageEffects":true,"showParticleSystems":true,"showVisualEffectGraphs":true,"m_FxEnabled":true},"in2DMode":false,"pivot":{"x":5.0333333015441898,"y":0.29722315073013308,"z":-18.3799991607666},"rotation":{"x":0.25894615054130556,"y":0.7408532500267029,"z":-0.4285450577735901,"w":0.4477396011352539},"size":0.3635264039039612,"orthographic":true}