{"cameraMode":{"drawMode":0,"name":"Shaded","section":"Shading Mode"},"sceneLighting":false,"audioPlay":false,"sceneViewState":{"m_AlwaysRefresh":false,"showFog":true,"showSkybox":true,"showFlares":true,"showImageEffects":true,"showParticleSystems":true,"showVisualEffectGraphs":true,"m_FxEnabled":true},"in2DMode":false,"pivot":{"x":-0.32071006298065188,"y":-0.7435140609741211,"z":3.652770757675171},"rotation":{"x":0.31413328647613528,"y":-0.06684821844100952,"z":0.023164594545960428,"w":0.9468691349029541},"size":14.320076942443848,"orthographic":false}