{"cameraMode":{"drawMode":0,"name":"Shaded","section":"Shading Mode"},"sceneLighting":false,"audioPlay":false,"sceneViewState":{"m_AlwaysRefresh":false,"showFog":true,"showSkybox":true,"showFlares":true,"showImageEffects":true,"showParticleSystems":true,"showVisualEffectGraphs":true,"m_FxEnabled":true},"in2DMode":false,"pivot":{"x":-0.4041055142879486,"y":44.6805534362793,"z":-32.961334228515628},"rotation":{"x":-0.4542198181152344,"y":-0.019244151189923288,"z":0.009791227988898754,"w":-0.8906608819961548},"size":9.424345970153809,"orthographic":true}