{"cameraMode":{"drawMode":0,"name":"Shaded","section":"Shading Mode"},"sceneLighting":false,"audioPlay":false,"sceneViewState":{"m_AlwaysRefresh":false,"showFog":true,"showSkybox":true,"showFlares":true,"showImageEffects":true,"showParticleSystems":true,"showVisualEffectGraphs":true,"m_FxEnabled":true},"in2DMode":false,"pivot":{"x":-5.176468849182129,"y":1.0460083484649659,"z":1.150482177734375},"rotation":{"x":0.001959175569936633,"y":-0.5764832496643066,"z":0.001386240590363741,"w":0.8171387910842896},"size":9.577166557312012,"orthographic":false}