{"cameraMode":{"drawMode":0,"name":"Shaded","section":"Shading Mode"},"sceneLighting":false,"audioPlay":false,"sceneViewState":{"m_AlwaysRefresh":false,"showFog":true,"showSkybox":true,"showFlares":true,"showImageEffects":true,"showParticleSystems":true,"showVisualEffectGraphs":true,"m_FxEnabled":true},"in2DMode":false,"pivot":{"x":-19.652814865112306,"y":-91.12786102294922,"z":159.0021514892578},"rotation":{"x":0.2614399492740631,"y":-0.06933828443288803,"z":0.019085153937339784,"w":0.9626684784889221},"size":106.53329467773438,"orthographic":false}