{"cameraMode":{"drawMode":0,"name":"Shaded","section":"Shading Mode"},"sceneLighting":false,"audioPlay":false,"sceneViewState":{"m_AlwaysRefresh":false,"showFog":true,"showSkybox":true,"showFlares":true,"showImageEffects":true,"showParticleSystems":true,"showVisualEffectGraphs":true,"m_FxEnabled":true},"in2DMode":false,"pivot":{"x":1.6279921531677247,"y":1.7356477975845338,"z":2.7450649738311769},"rotation":{"x":0.09980334341526032,"y":-0.22339315712451936,"z":0.02306046336889267,"w":0.9693672060966492},"size":9.966864585876465,"orthographic":false}