{"cameraMode":{"drawMode":0,"name":"Shaded","section":"Shading Mode"},"sceneLighting":false,"audioPlay":false,"sceneViewState":{"m_AlwaysRefresh":false,"showFog":true,"showSkybox":true,"showFlares":true,"showImageEffects":true,"showParticleSystems":true,"showVisualEffectGraphs":true,"m_FxEnabled":true},"in2DMode":false,"pivot":{"x":-0.27286672592163088,"y":-0.2166866660118103,"z":-0.13334321975708009},"rotation":{"x":-0.027938518673181535,"y":0.938812255859375,"z":-0.33420655131340029,"w":-0.07848090678453446},"size":13.479427337646485,"orthographic":false}