{"cameraMode":{"drawMode":0,"name":"Shaded","section":"Shading Mode"},"sceneLighting":false,"audioPlay":false,"sceneViewState":{"m_AlwaysRefresh":false,"showFog":true,"showSkybox":true,"showFlares":true,"showImageEffects":true,"showParticleSystems":true,"showVisualEffectGraphs":true,"m_FxEnabled":true},"in2DMode":false,"pivot":{"x":-1.5936264991760255,"y":1.9559775590896607,"z":1.0651365518569947},"rotation":{"x":-0.002814711770042777,"y":0.9769399166107178,"z":-0.21313521265983582,"w":-0.012900029309093953},"size":7.879443168640137,"orthographic":true}