{"cameraMode":{"drawMode":0,"name":"Shaded","section":"Shading Mode"},"sceneLighting":false,"audioPlay":false,"sceneViewState":{"m_AlwaysRefresh":false,"showFog":true,"showSkybox":true,"showFlares":true,"showImageEffects":true,"showParticleSystems":true,"showVisualEffectGraphs":true,"m_FxEnabled":true},"in2DMode":false,"pivot":{"x":0.043225791305303577,"y":0.307568222284317,"z":-2.3789913654327394},"rotation":{"x":0.234050914645195,"y":0.6819512248039246,"z":-0.6476497054100037,"w":0.24646936357021333},"size":4.2649760246276859,"orthographic":true}