{"cameraMode":{"drawMode":0,"name":"Shaded","section":"Shading Mode"},"sceneLighting":false,"audioPlay":false,"sceneViewState":{"m_AlwaysRefresh":false,"showFog":true,"showSkybox":true,"showFlares":true,"showImageEffects":true,"showParticleSystems":true,"showVisualEffectGraphs":true,"m_FxEnabled":true},"in2DMode":false,"pivot":{"x":11.825640678405762,"y":22.711088180541993,"z":-71.35116577148438},"rotation":{"x":-0.3738293945789337,"y":-0.20660141110420228,"z":0.08577215671539307,"w":-0.9001965522766113},"size":11.434040069580079,"orthographic":true}