{"cameraMode":{"drawMode":0,"name":"Shaded","section":"Shading Mode"},"sceneLighting":false,"audioPlay":false,"sceneViewState":{"m_AlwaysRefresh":false,"showFog":true,"showSkybox":true,"showFlares":true,"showImageEffects":true,"showParticleSystems":true,"showVisualEffectGraphs":true,"m_FxEnabled":true},"in2DMode":false,"pivot":{"x":-15.512792587280274,"y":9.94522762298584,"z":2.4731156826019289},"rotation":{"x":0.17785407602787019,"y":0.7159689664840698,"z":-0.19722586870193482,"w":0.6456472277641296},"size":0.16633592545986176,"orthographic":false}