{"cameraMode":{"drawMode":0,"name":"Shaded","section":"Shading Mode"},"sceneLighting":false,"audioPlay":false,"sceneViewState":{"m_AlwaysRefresh":false,"showFog":true,"showSkybox":true,"showFlares":true,"showImageEffects":true,"showParticleSystems":true,"showVisualEffectGraphs":true,"m_FxEnabled":true},"in2DMode":false,"pivot":{"x":0.11945357918739319,"y":0.469338595867157,"z":-0.004746049642562866},"rotation":{"x":-0.3409741520881653,"y":0.3409595787525177,"z":-0.13542217016220094,"w":-0.8656876087188721},"size":1.3019914627075196,"orthographic":false}