{"cameraMode":{"drawMode":0,"name":"Shaded","section":"Shading Mode"},"sceneLighting":false,"audioPlay":false,"sceneViewState":{"m_AlwaysRefresh":false,"showFog":true,"showSkybox":true,"showFlares":true,"showImageEffects":true,"showParticleSystems":true,"showVisualEffectGraphs":true,"m_FxEnabled":true},"in2DMode":false,"pivot":{"x":0.8240470290184021,"y":-0.4251331090927124,"z":0.4448074698448181},"rotation":{"x":0.18027648329734803,"y":-0.8028947114944458,"z":0.48261359333992007,"w":0.30004018545150759},"size":11.800787925720215,"orthographic":false}