{"cameraMode":{"drawMode":0,"name":"Shaded","section":"Shading Mode"},"sceneLighting":false,"audioPlay":false,"sceneViewState":{"m_AlwaysRefresh":false,"showFog":true,"showSkybox":true,"showFlares":true,"showImageEffects":true,"showParticleSystems":true,"showVisualEffectGraphs":true,"m_FxEnabled":true},"in2DMode":false,"pivot":{"x":-4.855205535888672,"y":2.8735103607177736,"z":-17.51146125793457},"rotation":{"x":0.1745753437280655,"y":0.10024353861808777,"z":-0.017869336530566217,"w":0.9793696403503418},"size":0.7724200487136841,"orthographic":false}