{"cameraMode":{"drawMode":0,"name":"Shaded","section":"Shading Mode"},"sceneLighting":false,"audioPlay":false,"sceneViewState":{"m_AlwaysRefresh":false,"showFog":true,"showSkybox":true,"showFlares":true,"showImageEffects":true,"showParticleSystems":true,"showVisualEffectGraphs":true,"m_FxEnabled":true},"in2DMode":false,"pivot":{"x":11.526577949523926,"y":14.648484230041504,"z":-70.57627868652344},"rotation":{"x":0.14973405003547669,"y":-0.47378551959991457,"z":0.08210103958845139,"w":0.8639647960662842},"size":4.27753210067749,"orthographic":true}