{"cameraMode":{"drawMode":0,"name":"Shaded","section":"Shading Mode"},"sceneLighting":false,"audioPlay":false,"sceneViewState":{"m_AlwaysRefresh":false,"showFog":true,"showSkybox":true,"showFlares":true,"showImageEffects":true,"showParticleSystems":true,"showVisualEffectGraphs":true,"m_FxEnabled":true},"in2DMode":false,"pivot":{"x":1003.2925415039063,"y":576.6441040039063,"z":43.74890899658203},"rotation":{"x":0.03838561102747917,"y":-0.019202537834644319,"z":0.000735002220608294,"w":0.9991211295127869},"size":985.1817016601563,"orthographic":false}