{"cameraMode":{"drawMode":0,"name":"Shaded","section":"Shading Mode"},"sceneLighting":false,"audioPlay":false,"sceneViewState":{"m_AlwaysRefresh":false,"showFog":true,"showSkybox":true,"showFlares":true,"showImageEffects":true,"showParticleSystems":true,"showVisualEffectGraphs":true,"m_FxEnabled":true},"in2DMode":false,"pivot":{"x":10.074138641357422,"y":-0.003963470458984375,"z":-20.921642303466798},"rotation":{"x":-0.39559435844421389,"y":0.20769350230693818,"z":-0.0922032967209816,"w":-0.8900945782661438},"size":45.47932815551758,"orthographic":false}