{"cameraMode":{"drawMode":0,"name":"Shaded","section":"Shading Mode"},"sceneLighting":false,"audioPlay":false,"sceneViewState":{"m_AlwaysRefresh":false,"showFog":true,"showSkybox":true,"showFlares":true,"showImageEffects":true,"showParticleSystems":true,"showVisualEffectGraphs":true,"m_FxEnabled":true},"in2DMode":false,"pivot":{"x":8.98851203918457,"y":-2.1520349979400636,"z":-2.4254355430603029},"rotation":{"x":-0.23995085060596467,"y":0.15185731649398805,"z":-0.038031481206417087,"w":-0.9580937027931213},"size":3.618557929992676,"orthographic":true}