{"cameraMode":{"drawMode":0,"name":"Shaded","section":"Shading Mode"},"sceneLighting":false,"audioPlay":false,"sceneViewState":{"m_AlwaysRefresh":false,"showFog":true,"showSkybox":true,"showFlares":true,"showImageEffects":true,"showParticleSystems":true,"showVisualEffectGraphs":true,"m_FxEnabled":true},"in2DMode":false,"pivot":{"x":11.22778606414795,"y":13.802964210510254,"z":-1.2635215520858765},"rotation":{"x":0.10721650719642639,"y":-0.6708714962005615,"z":0.09892158955335617,"w":0.7270953059196472},"size":10.971373558044434,"orthographic":false}