{"cameraMode":{"drawMode":0,"name":"Shaded","section":"Shading Mode"},"sceneLighting":false,"audioPlay":false,"sceneViewState":{"m_AlwaysRefresh":false,"showFog":true,"showSkybox":false,"showFlares":true,"showImageEffects":true,"showParticleSystems":true,"showVisualEffectGraphs":true,"m_FxEnabled":true},"in2DMode":false,"pivot":{"x":0.06684861332178116,"y":-0.20403602719306947,"z":-0.27644723653793337},"rotation":{"x":0.33395716547966006,"y":0.31479182839393618,"z":-0.1191043108701706,"w":0.8805825710296631},"size":10.701118469238282,"orthographic":false}